<?xml version="1.0" encoding="UTF-8"?>
<project-private xmlns="http://www.netbeans.org/ns/project-private/1">
    <editor-bookmarks xmlns="http://www.netbeans.org/ns/editor-bookmarks/2" lastBookmarkId="0"/>
    <open-files xmlns="http://www.netbeans.org/ns/projectui-open-files/2">
        <group>
            <file>file:/C:/Users/Hiba%20Imtiaz/Desktop/Airline_reservation/src/Passengers.java</file>
            <file>file:/C:/Users/Hiba%20Imtiaz/Desktop/Airline_reservation/src/passenger.java</file>
            <file>file:/C:/Users/Hiba%20Imtiaz/Desktop/Airline_reservation/src/Payment.java</file>
            <file>file:/C:/Users/Hiba%20Imtiaz/Desktop/Airline_reservation/src/ConnectionManager.java</file>
            <file>file:/C:/Users/Hiba%20Imtiaz/Desktop/Airline_reservation/src/dataRetrieve.java</file>
            <file>file:/C:/Users/Hiba%20Imtiaz/Desktop/Airline_reservation/src/DAL.java</file>
            <file>file:/C:/Users/Hiba%20Imtiaz/Desktop/Airline_reservation/src/Payments.java</file>
        </group>
    </open-files>
</project-private>
